symbolId,symbolName
1,EURUSD
41,XAUUSD
101,BTCUSD
108,WTI
110,NAS100
4317,AAL
4467,EURUSD.I
4534,XAUUSD.I
2560,EURUSD.P
2597,XAUUSD.P
2631,NGAS.F
2686,A
2,GBPUSD
42,XAGUSD
102,ETHUSD
109,BRENT
4318,AAPL
4468,GBPUSD.I
4535,XAGUSD.I
1897,AUS200
2561,GBPUSD.P
2598,XAGUSD.P
2632,USOIL.F
2687,AA
3,EURJPY
92,XAGEUR
4319,ADBE
4463,USOIL
4469,EURJPY.I
1898,ESTX50
1939,LTCUSD
2562,EURJPY.P
2629,XAUEUR.P
2688,AAP
4,USDJPY
93,XAUEUR
4320,ADSGn
4470,USDJPY.I
1899,GER30
1940,BCHUSD
2563,USDJPY.P
2630,XAGEUR.P
2634,UKBRENT.F
2689,AAT
5,AUDUSD
95,XPDUSD
4321,AIG
4471,AUDUSD.I
1900,FRA40
2564,AUDUSD.P
2637,DJ30.F
2690,AAXJ
6,USDCHF
97,XPTUSD
4322,AIRFA
4472,USDCHF.I
1901,UK100
2565,USDCHF.P
2638,DX.F
2691,ABBV
7,GBPJPY
4323,AKAM
4473,GBPJPY.I
1902,SPX500
2566,GBPJPY.P
8,USDCAD
4324,ALL
4474,USDCAD.I
1904,JPN225
2567,USDCAD.P
2640,HK50.F
2693,ABCB
9,EURGBP
4325,ALVG
4475,EURGBP.I
1905,US30
2568,EURGBP.P
2641,SWI20.F
2694,ABEO
10,EURCHF
4326,AMZN
4476,EURCHF.I
1906,ESP35
2569,EURCHF.P
2642,US500.F
2695,ABEV
11,AUDJPY
4327,ATHM
4477,AUDJPY.I
1907,SUI20
2570,AUDJPY.P
2643,USTEC.F
2696,ABM
12,NZDUSD
4328,ATVI
4464,CHINAA50
4478,NZDUSD.I
2571,NZDUSD.P
2644,JPN225.F
2668,DOGEUSD
2697,ABNB
13,CHFJPY
4329,AXAFA
4465,HK50
4479,CHFJPY.I
2572,CHFJPY.P
2698,ABR
14,EURAUD
4330,AXP
4466,US500
4480,EURAUD.I
2573,EURAUD.P
2699,ABT
15,CADJPY
4331,BA
4481,CADJPY.I
2574,CADJPY.P
2700,ABUS
16,GBPAUD
4332,BABA
4482,GBPAUD.I
2575,GBPAUD.P
2701,ACAD
17,EURCAD
4333,BAC
4483,EURCAD.I
2576,EURCAD.P
2702,ACB
18,AUDCAD
4334,BAYGn
4484,AUDCAD.I
2577,AUDCAD.P
2653,USCOFFEE.F
2703,ACET
19,GBPCAD
4335,BBY
4485,GBPCAD.I
2578,GBPCAD.P
2704,ACI
20,AUDNZD
4336,BIDU
4486,AUDNZD.I
2579,AUDNZD.P
2705,ACLS
21,NZDJPY
4337,BK
4487,NZDJPY.I
2580,NZDJPY.P
2706,ACM
22,USDNOK
4338,BKNG
4488,USDNOK.I
2581,USDNOK.P
2658,TY10.F
2707,ACMR
23,AUDCHF
4339,BLK
4489,AUDCHF.I
2582,AUDCHF.P
2659,SILVER.F
2708,ACN
24,USDMXN
4340,BMWG
4490,USDMXN.I
2583,USDMXN.P
2660,GOLD.F
2709,ACP
25,GBPNZD
4341,BNPPA
4458,DE40.F
4491,GBPNZD.I
2584,GBPNZD.P
2710,ACRX
26,EURNZD
4342,BRKb
4459,US2000.F
4492,EURNZD.I
2585,EURNZD.P
2711,ACWI
27,CADCHF
4343,CAPPA
4493,CADCHF.I
2586,CADCHF.P
2683,XRPUSD
2712,ADAG
28,USDSGD
4344,CARRA
4461,UK100.F
4494,USDSGD.I
2587,USDSGD.P
2713,ADAP
29,USDSEK
4345,CBKG
4462,VIX.F
4495,NZDCAD.I
2588,NZDCAD.P
2714,ADC
30,NZDCAD
4346,CMCSA
4496,EURSEK.I
4536,ADAUSD
2589,EURSEK.P
2715,ADES
31,EURSEK
4347,COST
4497,GBPSGD.I
4537,DOTUSD
2590,GBPSGD.P
2716,ADI
32,GBPSGD
4348,CRM
4498,EURHUF.I
4538,LNKUSD
2591,EURHUF.P
2717,ADM
33,EURNOK
4349,CRON
4499,USDPLN.I
2592,USDPLN.P
34,EURHUF
4350,CSCO
4500,USDDKK.I
2593,USDDKK.P
2719,ADN
35,USDPLN
4351,CVS
4501,GBPNOK.I
2594,GBPNOK.P
2720,ADNT
36,USDDKK
4352,CVX
4502,NZDCHF.I
2595,NZDCHF.P
2721,ADP
37,GBPNOK
4353,DAIGn
4503,GBPCHF.I
2596,GBPCHF.P
2722,ADPT
39,NZDCHF
4354,DAL
4504,USDTRY.I
2599,USDTRY.P
2723,ADSK
40,GBPCHF
4355,DANOA
4505,EURHKD.I
2600,EURHKD.P
2724,ADT
43,USDTRY
4356,DBKGn
4506,SGDJPY.I
2601,SGDJPY.P
2725,ADTH
45,EURHKD
4357,DBX
4507,USDHKD.I
2602,USDHKD.P
2726,ADUS
47,SGDJPY
4358,DFS
4508,USDZAR.I
2603,USDZAR.P
2727,ADV
48,USDHKD
4359,DIS
4509,EURMXN.I
2604,EURMXN.P
2728,ADVM
49,USDZAR
4360,DLTR
4510,EURPLN.I
2605,EURPLN.P
2729,ADX
50,EURMXN
4361,DPWGn
4511,GBPZAR.I
2606,GBPZAR.P
2730,AE
51,EURPLN
4362,DVMT
4512,NZDSGD.I
2607,NZDSGD.P
2731,AEE
52,GBPZAR
4363,EBAY
4513,USDHUF.I
2608,USDHUF.P
2732,AEG
53,NZDSGD
4364,EONGn
4514,USDCZK.I
2609,USDCZK.P
2733,AEHR
54,USDHUF
4365,EXPE
4515,USDCNH.I
2610,USDCNH.P
2734,AEM
56,USDCZK
4366,F
4516,GBPSEK.I
2611,GBPSEK.P
2735,AEO
60,USDCNH
4367,FB
4517,AUDSEK.I
2612,AUDSEK.P
2736,AEP
61,GBPSEK
4368,FDX
4518,AUDSGD.I
2613,AUDSGD.P
2737,AER
63,AUDSEK
4369,GDDY
4519,CHFNOK.I
2614,CHFNOK.P
2738,AES
64,AUDSGD
4370,GE
4520,CHFPLN.I
2615,CHFPLN.P
2739,AFG
72,CHFNOK
4371,GILD
4521,CHFSGD.I
2616,CHFSGD.P
2740,AFL
73,CHFPLN
4372,GM
4522,EURSGD.I
2617,EURSGD.P
2741,AFMD
75,CHFSGD
4373,GOOG
4523,GBPDKK.I
2618,GBPDKK.P
2742,AFRM
82,EURSGD
4374,GS
4524,HKDJPY.I
2619,HKDJPY.P
2743,AFYA
83,GBPDKK
4375,HD
4525,NOKJPY.I
2620,NOKJPY.P
2744,AG
85,HKDJPY
4376,HEINS
4526,NOKSEK.I
2621,NOKSEK.P
2745,AGCO
86,NOKJPY
4377,HLT
4527,USDTHB.I
2622,USDTHB.P
2746,AGEN
87,NOKSEK
4378,HPQ
4528,ZARJPY.I
2623,ZARJPY.P
2747,AGI
91,USDTHB
4379,HRMSA
4529,AUDNOK.I
2624,AUDNOK.P
2748,AGLE
98,ZARJPY
4380,IBE
4530,CHFDKK.I
2625,CHFDKK.P
2749,AGNC
104,AUDNOK
4381,IBM
4531,MXNJPY.I
2626,MXNJPY.P
2750,AGR
105,CHFDKK
4382,ILMN
4532,SEKJPY.I
2627,SEKJPY.P
2751,AGRO
106,MXNJPY
4383,INTC
4533,USDSEK.I
2628,USDSEK.P
2752,AGRX
107,SEKJPY
4384,JD
2753,AHCO
4385,JNJ
2754,AHG
4386,JPM
2755,AIN
4387,K
2756,AIRG
4388,KHC
2757,AIRS
4389,KKR
2758,AIV
4390,KO
2759,AIZ
4391,L
2760,AJG
4392,LHAG
4393,LMT
2762,AKR
4394,LUV
2763,AKRO
4395,LVMHA
2764,AKTS
4396,LVS
2765,AKTX
4397,LYFT
2766,AKYA
4398,MA
2767,AL
4399,MAN
2768,ALB
4400,MAR
2769,ALC
4401,MCD
2770,ALDX
4402,MCO
2771,ALEC
4403,MET
2772,ALEX
4404,MGM
2773,ALG
4405,MMM
2774,ALGN
4406,MO
2775,ALK
4407,MOMO
2776,ALLE
4408,MRK
2777,ALLY
4409,MSFT
2778,ALNY
4410,MSI
2779,ALPN
4411,MTCH
2780,ALRM
4412,NFLX
2781,ALRN
4413,NKE
2782,ALRS
4414,NRG
2783,ALT
4415,NTES
2784,ALTG
4416,NVDA
2785,ALVR
4417,OMC
2786,ALX
4418,ORCL
2787,AM
4419,OREPA
2788,AMAT
4420,PDD
2789,AMBA
4421,PFE
2790,AMCR
4422,PG
2791,AMD
4423,PINS
2792,AME
4424,PM
2793,AMED
4425,PNC
2794,AMG
4426,PYPL
2795,AMGN
4427,QCOM
2796,AMH
4428,RACE
2797,AMLP
4429,RTN
2798,AMP
4430,SBUX
2799,AMR
4431,SCHW
2800,AMRC
4432,SHOP
2801,AMRN
4433,SIEGn
4434,SOGNA
2803,AMRX
4435,SQ
2804,AMT
4436,T
2805,AMTX
4437,TGT
2806,AMWL
4438,TME
2807,AMX
4439,TOTFA
2808,AN
4440,TRIP
2809,ANDE
4441,TSLA
2810,ANET
4442,TSM
2811,ANF
4443,TSN
2812,ANGI
4444,TWLO
2813,ANSS
4445,UBER
2814,ANTE
4446,V
2815,AOD
4447,VIPS
2816,AON
4448,VOWG_p
2817,AOS
4449,VRSN
2818,APA
4450,W
2819,APD
4451,WIX
2820,APH
4452,WMT
2821,APO
4453,WYNN
2822,APPF
4454,XOM
2823,APPN
4455,YELP
2824,APRN
4456,YUM
2825,APT
4457,ZM
2826,APTV
2828,AR
2829,ARAY
2830,ARCC
2831,ARCH
2832,ARCO
2833,ARCT
2834,ARE
2835,ARGO
2836,ARKF
2837,ARKK
2838,ARMK
2840,AROC
2841,ARR
2842,ARW
2843,ARWR
2844,ASAN
2845,ASH
2846,ASIX
2847,ASTE
2848,ASX
2849,ATEC
2850,ATGE
2851,ATHX
2852,ATI
2854,ATO
2855,ATRA
2856,ATSG
2857,ATUS
2858,AU
2859,AVAV
2860,AVB
2861,AVD
2862,AVGO
2863,AVID
2864,AVK
2865,AVT
2866,AVTR
2867,AVXL
2868,AVY
2869,AWK
2870,AWP
2871,AX
2872,AXGN
2873,AXL
2874,AXON
2875,AXSM
2876,AXTA
2877,AY
2878,AYI
2879,AYRO
2880,AYTU
2881,AYX
2882,AZN
2883,AZO
2884,AZPN
2885,AZUL
2886,BAH
2887,BAX
2888,BB
2889,BBAR
2890,BBD
2891,BBH
2893,BBIO
2894,BBW
2895,BC
2896,BCO
2897,BCRX
2898,BCS
2899,BDC
2900,BDJ
2901,BDN
2902,BDX
2903,BE
2904,BERY
2905,BEST
2906,BFAM
2907,BFH
2908,BFb
2909,BG
2912,BHF
2913,BHLB
2914,BIG
2915,BIIB
2916,BILI
2917,BIO
2918,BIP
2919,BIRD
2920,BJ
2921,BKD
2922,BLFS
2923,BLMN
2924,BLNK
2925,BLUE
2926,BMI
2927,BMO
2928,BMRN
2929,BMY
2930,BNGO
2931,BNTX
2932,BOOT
2933,BOX
2934,BPMC
2935,BR
2936,BRFS
2937,BRKR
2938,BRO
2939,BRX
2940,BSAC
2941,BSRR
2942,BSX
2943,BSY
2944,BTI
2945,BUD
2946,BURL
2947,BW
2948,BWA
2949,BX
2950,BXMT
2951,BXP
2952,BYD
2953,BYND
2954,BZFD
2955,BZUN
2956,CACC
2957,CADE
2958,CAG
2959,CAH
2960,CAKE
2961,CAL
2962,CALX
2963,CAMP
2964,CAN
2966,CAR
2967,CARA
2968,CARG
2969,CARR
2970,CARS
2971,CASA
2972,CASS
2973,CASY
2974,CAT
2975,CATO
2976,CATY
2977,CB
2978,CBAN
2979,CBAY
2980,CBD
2981,CBRE
2982,CBRL
2983,CBU
2984,CC
2985,CCI
2986,CCJ
2987,CCK
2988,CCL
2989,CCO
2990,CCU
2991,CDAY
2992,CDE
2993,CDLX
2994,CDNS
2995,CDW
2996,CDXS
2997,CE
2998,CELC
2999,CELH
3000,CELU
3001,CEN
3002,CENN
3003,CEQP
3004,CERS
3005,CEVA
3006,CF
3007,CFG
3008,CFRX
3009,CG
3010,CGNX
3011,CHD
3012,CHDN
3013,CHE
3014,CHEF
3015,CHGG
3016,CHI
3017,CHKP
3018,CHPT
3019,CHRS
3020,CHRW
3021,CHS
3022,CHTR
3023,CHWY
3024,CI
3025,CIBR
3026,CIEN
3027,CIG
3028,CIM
3029,CINF
3030,CL
3031,CLBT
3032,CLDT
3033,CLDX
3034,CLF
3035,CLMT
3036,CLNE
3037,CLRB
3038,CLS
3039,CLSK
3040,CLX
3041,CMA
3042,CMC
3043,CME
3044,CMG
3045,CMI
3046,CMRE
3047,CMS
3048,CMTL
3049,CNC
3050,CNDT
3051,CNHI
3052,CNK
3053,CNMD
3054,CNO
3055,CNP
3056,CNX
3057,CODX
3058,COF
3059,COIN
3060,COLD
3061,COMM
3062,CONN
3063,COO
3064,COP
3065,CORR
3066,COTY
3067,COUR
3068,CPA
3069,CPAC
3070,CPB
3071,CPE
3072,CPRI
3073,CPRT
3074,CPRX
3075,CPT
3077,CRBP
3078,CRI
3079,CRIS
3080,CRK
3081,CRL
3082,CRMD
3083,CRNT
3084,CROX
3085,CRSP
3086,CRSR
3087,CRUS
3088,CRWD
3090,CSGP
3091,CSIQ
3092,CSR
3093,CSTL
3094,CSX
3095,CTAS
3096,CTKB
3097,CTLT
3098,CTRM
3099,CTSH
3100,CTVA
3101,CUBE
3102,CUK
3103,CUZ
3104,CVAC
3105,CVCO
3106,CVE
3107,CVI
3108,CVNA
3109,CW
3110,CWCO
3111,CWEN
3112,CWST
3113,CWT
3114,CX
3115,CYBR
3116,CYH
3117,CYTK
3118,CZOO
3119,CZR
3120,D
3121,DAN
3122,DAR
3123,DAVE
3124,DAWN
3125,DB
3126,DBA
3128,DBI
3129,DBRG
3130,DCI
3131,DD
3132,DDD
3133,DDOG
3134,DDS
3135,DE
3136,DECK
3137,DEI
3138,DELL
3139,DEN
3140,DENN
3141,DEO
3142,DG
3143,DGX
3144,DHI
3145,DHR
3146,DHT
3147,DIA
3148,DIN
3149,DISH
3150,DK
3151,DKNG
3152,DKS
3153,DLR
3154,DNOW
3155,DOCU
3156,DOMO
3157,DOV
3158,DOW
3159,DOX
3160,DOYU
3161,DPZ
3162,DRH
3163,DRI
3164,DRIV
3165,DT
3166,DTE
3167,DTIL
3168,DUK
3169,DVA
3170,DVAX
3171,DVN
3172,DVY
3173,DX
3174,DXC
3175,DXCM
3176,EAT
3177,EB
3178,EBET
3179,EBS
3180,EC
3181,ECL
3182,ED
3183,EDIT
3184,EDU
3185,EEFT
3186,EEM
3187,EEX
3188,EFX
3189,EGAN
3190,EGO
3191,EGP
3192,EH
3193,EHC
3194,EHTH
3195,EIX
3196,EKSO
3197,EL
3198,ELAN
3199,ELF
3200,ELS
3201,EMB
3202,EME
3203,EMN
3204,EMR
3205,ENPH
3206,ENR
3207,ENS
3208,ENTG
3209,ENV
3210,EOG
3211,EOLS
3212,EPAM
3213,EPC
3214,EPD
3215,EPR
3216,EPRT
3217,EQC
3218,EQH
3219,EQIX
3220,EQNR
3221,EQR
3222,EQT
3223,ERIC
3224,ERIE
3225,ES
3226,ESNT
3227,ESRT
3228,ESS
3229,ESTC
3230,ET
3231,ETN
3232,ETR
3233,ETSY
3234,EVBG
3235,EVER
3236,EVRI
3237,EW
3238,EWH
3239,EWW
3240,EWZ
3241,EXAI
3242,EXAS
3243,EXC
3244,EXEL
3245,EXFY
3246,EXK
3247,EXLS
3248,EXPD
3249,EXPI
3250,EXPO
3251,EXPR
3252,EXR
3253,FAF
3254,FANG
3255,FAST
3256,FATE
3257,FAX
3258,FBP
3259,FCEL
3260,FCN
3261,FCPT
3262,FCX
3263,FDS
3264,FE
3265,FFIV
3266,FHN
3267,FICO
3268,FIS
3270,FITB
3271,FIVE
3272,FIVN
3273,FIZZ
3274,FL
3275,FLEX
3276,FLO
3277,FLR
3278,FLS
3279,FLT
3280,FLWS
3281,FMC
3282,FNF
3283,FOLD
3284,FOSL
3285,FOUR
3286,FOX
3287,FOXA
3288,FPI
3289,FR
3290,FROG
3291,FRPT
3292,FRSX
3293,FRT
3294,FSK
3295,FSLR
3296,FSLY
3297,FSM
3298,FSR
3299,FTCH
3300,FTI
3301,FTNT
3302,FTV
3303,FUBO
3304,FUN
3305,FVRR
3306,FWONA
3307,FWONK
3308,FXI
3309,GABC
3310,GAME
3311,GASS
3312,GCI
3313,GD
3314,GDOT
3315,GDRX
3316,GDX
3317,GDXJ
3318,GEF
3319,GEL
3320,GEO
3321,GERN
3322,GES
3323,GEVO
3324,GFI
3325,GGB
3326,GHC
3327,GIB
3328,GIII
3329,GIS
3330,GKOS
3331,GL
3332,GLAD
3333,GLD
3334,GLG
3335,GLNG
3336,GLPI
3337,GLW
3338,GMBL
3339,GME
3340,GMED
3341,GMRE
3342,GMS
3343,GNK
3344,GNL
3345,GNPX
3346,GNRC
3347,GNTX
3349,GNW
3350,GO
3351,GOGO
3352,GOL
3353,GOLD
3354,GOOD
3355,GOSS
3356,GPC
3357,GPI
3358,GPK
3359,GPN
3360,GPRE
3361,GPRO
3362,GPS
3363,GRAB
3364,GRIN
3365,GRMN
3366,GRPN
3367,GRWG
3368,GSIT
3369,GT
3370,GTN
3371,GTY
3372,GVA
3373,GWRE
3374,GWW
3375,H
3376,HA
3377,HAE
3378,HAIN
3379,HAL
3380,HALO
3381,HAS
3382,HASI
3383,HBAN
3384,HBI
3385,HCA
3386,HEAR
3387,HEI
3388,HES
3389,HGV
3391,HIG
3392,HII
3393,HIW
3394,HLF
3395,HLIT
3396,HLX
3397,HMC
3398,HMY
3399,HOG
3400,HOLX
3401,HON
3402,HOOD
3403,HP
3404,HPE
3405,HPP
3406,HQY
3407,HR
3408,HRB
3409,HRL
3410,HSBC
3412,HSIC
3413,HST
3414,HSY
3415,HTGC
3416,HTHT
3417,HUBB
3418,HUBS
3419,HUM
3420,HUN
3421,HWM
3422,HXL
3423,HYLN
3424,HYT
3425,IAC
3426,IAU
3427,IBB
3428,IBKR
3429,IBP
3430,ICE
3431,ICLN
3432,ICPT
3433,IDA
3434,IDCC
3435,IDEX
3436,IDXX
3437,IEF
3438,IEMG
3439,IEP
3440,IEX
3441,IFF
3442,IFRX
3443,IGMS
3444,IGT
3445,IHRT
3446,IHS
3447,IIPR
3448,ILPT
3449,IMAX
3450,IMGN
3451,IMO
3452,INCY
3453,INDY
3454,INFN
3455,INFY
3456,ING
3457,INGN
3458,INGR
3459,INN
3460,INO
3461,INSG
3462,INSP
3463,INTU
3464,INVH
3465,IONS
3466,IP
3467,IPG
3468,IPGP
3469,IQ
3470,IQV
3471,IR
3472,IRBT
3473,IRDM
3474,IRM
3475,IRT
3476,IRTC
3477,ISRG
3478,ISTB
3479,IT
3480,ITCI
3481,ITRI
3482,ITUB
3483,ITW
3484,IUSB
3485,IUSG
3486,IUSV
3487,IVR
3488,IVZ
3489,IWM
3490,IXUS
3491,IZEA
3492,J
3493,JACK
3494,JAZZ
3495,JBGS
3496,JBHT
3497,JBL
3498,JBLU
3499,JBT
3500,JCI
3501,JEF
3502,JFU
3503,JKHY
3504,JKS
3505,JLL
3506,JMIA
3507,JNPR
3508,JOE
3509,JOUT
3510,JWN
3511,KAR
3512,KARS
3513,KBH
3514,KBR
3515,KBWD
3516,KDP
3517,KEN
3518,KERN
3519,KEY
3520,KEYS
3521,KGC
3522,KIM
3523,KLAC
3524,KMB
3525,KMI
3526,KMT
3527,KMX
3528,KNDI
3529,KNX
3530,KODK
3531,KOS
3532,KR
3533,KRC
3534,KRNT
3535,KRO
3536,KSS
3537,KTOS
3538,KW
3539,LAD
3540,LAMR
3541,LAND
3542,LAW
3543,LAZ
3544,LAZR
3545,LBRDA
3546,LBRDK
3547,LBRT
3548,LBTYA
3549,LBTYK
3550,LDOS
3551,LEA
3552,LECO
3553,LEG
3554,LEN
3555,LEVI
3556,LGFa
3557,LH
3558,LHX
3559,LI
3560,LII
3561,LILA
3562,LIN
3563,LITE
3564,LKQ
3565,LLY
3566,LMND
3567,LNC
3568,LNG
3569,LNT
3570,LOGI
3571,LOW
3572,LPLA
3573,LPSN
3574,LPX
3575,LQD
3576,LRCX
3577,LRN
3578,LSCC
3580,LSXMK
3581,LTHM
3582,LTRPA
3584,LU
3585,LULU
3586,LUMN
3587,LUNA
3588,LW
3589,LXP
3590,LXRX
3591,LXU
3592,LYB
3593,LYG
3594,LYV
3595,M
3596,MAA
3597,MAC
3598,MAIN
3599,MANU
3600,MARA
3601,MARK
3602,MAS
3603,MASI
3604,MAT
3606,MCHI
3607,MCHP
3608,MCK
3609,MCRB
3610,MD
3611,MDB
3612,MDC
3613,MDIV
3614,MDLZ
3615,MDT
3616,MDU
3617,MED
3618,MELI
3619,MFA
3621,MGY
3622,MHK
3623,MIMO
3624,MITK
3625,MITT
3626,MJ
3627,MKC
3628,MKL
3629,MKSI
3630,MKTX
3631,MLCO
3632,MLM
3633,MMC
3634,MMI
3635,MMYT
3636,MNDY
3637,MNKD
3638,MNST
3640,MOH
3641,MOO
3642,MORN
3643,MOS
3644,MPC
3646,MPW
3647,MPWR
3648,MRCY
3649,MRNA
3650,MRNS
3651,MRO
3652,MRTX
3653,MRVL
3654,MS
3655,MSCI
3656,MSGS
3657,MSTR
3658,MTB
3659,MTD
3660,MTDR
3661,MTH
3662,MTN
3663,MTW
3664,MTZ
3665,MU
3666,MUR
3667,MUSA
3668,MUX
3669,MVIS
3670,MWA
3671,MX
3672,NARI
3673,NAT
3674,NATI
3675,NAVI
3676,NBIX
3677,NBR
3678,NCLH
3679,NCMI
3680,NCR
3681,NDAQ
3682,NDLS
3683,NDSN
3684,NEE
3685,NEM
3686,NEP
3687,NERV
3689,NET
3690,NEWR
3691,NI
3692,NICE
3693,NIO
3694,NIU
3695,NKLA
3696,NKTR
3697,NLY
3698,NMIH
3699,NMRK
3700,NNDM
3701,NNN
3702,NOAH
3703,NOC
3704,NOMD
3705,NOV
3707,NOW
3708,NSA
3709,NSC
3710,NSP
3711,NTAP
3712,NTLA
3713,NTNX
3714,NTRA
3715,NTRS
3716,NUE
3717,NUS
3719,NVAX
3720,NVCR
3721,NVGS
3722,NVR
3723,NVRO
3724,NVS
3725,NVTA
3726,NWL
3727,NWS
3728,NWSA
3729,NXPI
3730,NXST
3731,NYMT
3732,NYT
3733,O
3734,OC
3735,OCGN
3736,OCUL
3737,ODFL
3738,ODP
3740,OHI
3741,OI
3742,OIH
3743,OKE
3744,OKTA
3745,OLED
3746,OLLI
3747,OLN
3748,OMI
3749,ON
3750,ONTO
3751,ONTX
3752,OPEN
3753,OPI
3754,OPK
3755,ORA
3756,ORI
3757,ORLY
3758,ORTX
3760,OSK
3761,OSTK
3762,OSUR
3763,OTIS
3764,OUT
3765,OVID
3766,OXY
3767,PAA
3768,PACB
3769,PAG
3770,PAGP
3771,PAGS
3772,PANW
3773,PARA
3774,PAYC
3775,PAYS
3776,PAYX
3777,PBA
3778,PBF
3779,PBI
3780,PBR
3781,PBT
3782,PBYI
3783,PCAR
3784,PCG
3785,PCH
3786,PCTY
3787,PCVX
3788,PD
3790,PDCO
3791,PDM
3792,PEAK
3793,PEB
3794,PEG
3795,PEGA
3796,PEN
3797,PENN
3798,PEP
3799,PFF
3800,PFG
3801,PFGC
3802,PGEN
3803,PGNY
3804,PGR
3805,PGRE
3806,PH
3807,PHK
3808,PHM
3809,PHR
3810,PII
3811,PINC
3812,PINE
3813,PK
3814,PKG
3816,PLAY
3817,PLCE
3818,PLD
3819,PLNT
3820,PLTR
3821,PLUG
3822,PLYA
3823,PNR
3824,PNW
3825,PODD
3826,POOL
3827,POWI
3828,PPG
3829,PPL
3830,PRFT
3831,PRG
3832,PRGO
3833,PRQR
3835,PRU
3837,PSA
3838,PSEC
3839,PSTG
3840,PSX
3841,PTC
3842,PTEN
3843,PTON
3844,PTY
3845,PUMP
3846,PVH
3847,PWR
3848,PXD
3849,PZZA
3850,QD
3851,QDEL
3852,QFIN
3853,QQQ
3854,QQQX
3855,QRTEA
3856,QRVO
3857,QS
3858,QTWO
3859,QURE
3860,R
3861,RAD
3862,RBBN
3863,RBLX
3864,RCKT
3865,RCL
3866,RDFN
3867,RDN
3868,RDWR
3870,REG
3871,REGN
3873,RERE
3874,RETA
3875,REXR
3876,RF
3877,RGA
3878,RGEN
3879,RGS
3880,RH
3881,RHI
3882,RIG
3883,RIGL
3884,RIOT
3885,RIVN
3886,RJF
3887,RKLB
3888,RKT
3889,RL
3890,RLJ
3891,RMAX
3892,RMBS
3893,RMD
3894,RNG
3895,RNR
3896,ROIC
3897,ROK
3898,ROKU
3899,ROL
3900,ROP
3901,ROST
3902,ROVR
3903,RPD
3904,RPM
3905,RPRX
3906,RRC
3907,RRGB
3908,RS
3909,RSG
3910,RTX
3911,RUN
3913,RVLV
3914,RVMD
3915,RVNC
3916,RWT
3917,RY
3918,RYAAY
3919,RYAM
3920,RYN
3921,SA
3922,SABR
3923,SAGE
3924,SAH
3925,SAM
3926,SAMG
3927,SANM
3928,SAR
3929,SATS
3930,SAVA
3931,SAVE
3932,SB
3933,SBAC
3934,SBGI
3935,SBH
3936,SBLK
3937,SBOW
3938,SBRA
3939,SBS
3940,SBSW
3941,SBT
3942,SCCO
3943,SCI
3944,SCL
3945,SCM
3946,SCS
3947,SCVL
3948,SDC
3949,SDGR
3950,SE
3951,SEDG
3952,SEE
3953,SEIC
3954,SELB
3955,SENS
3956,SFIX
3957,SFM
3958,SFNC
3959,SFT
3960,SGA
3961,SGEN
3962,SGHT
3963,SGMO
3965,SGU
3966,SHAK
3967,SHBI
3968,SHEL
3969,SHEN
3970,SHG
3971,SHLS
3972,SHO
3973,SHV
3974,SHW
3975,SHY
3976,SHYF
3978,SIFY
3979,SIG
3980,SIL
3981,SILC
3982,SILK
3983,SIMO
3984,SIRI
3985,SITC
3986,SITM
3987,SIX
3988,SJM
3989,SKLZ
3990,SKM
3991,SKX
3992,SKYW
3993,SKYY
3994,SLAB
3995,SLB
3996,SLCA
3997,SLG
3998,SLI
3999,SLM
4000,SM
4001,SMAR
4002,SMG
4003,SMH
4004,SMP
4005,SMTC
4006,SMWB
4007,SNA
4008,SNAP
4009,SNDL
4010,SNDX
4011,SNEX
4012,SNOW
4013,SNPS
4014,SNSR
4015,SNX
4016,SO
4017,SOFI
4018,SOLO
4019,SON
4020,SONO
4021,SOXX
4022,SPB
4023,SPCE
4024,SPG
4025,SPGI
4026,SPLK
4027,SPNS
4028,SPOT
4030,SPR
4031,SPTN
4032,SPWH
4033,SPWR
4034,SPY
4035,SRCL
4036,SRE
4037,SRG
4038,SRPT
4039,SSNC
4040,SSRM
4041,SSSS
4042,SSTI
4043,SSTK
4044,SSU
4045,STAG
4046,STE
4047,STEM
4048,STEP
4049,STER
4050,STGW
4051,STK
4052,STKL
4053,STLA
4054,STLD
4055,STN
4056,STNE
4057,STNG
4058,STOK
4059,STRL
4060,STT
4061,STVN
4062,STWD
4063,STX
4064,STXS
4065,STZ
4066,SU
4067,SUI
4069,SVC
4070,SVM
4071,SWAV
4072,SWBI
4073,SWK
4074,SWKS
4075,SWN
4076,SXI
4077,SXT
4078,SY
4079,SYF
4080,SYK
4081,SYNA
4082,SYNH
4083,SYY
4084,TAK
4085,TAL
4086,TALO
4087,TAP
4088,TCOM
4089,TDC
4090,TDG
4091,TDOC
4092,TDUP
4093,TDW
4094,TDY
4095,TEAM
4096,TECH
4097,TECK
4098,TEL
4099,TER
4100,TFC
4101,TFSL
4102,TFX
4103,TGNA
4104,THC
4105,THG
4106,THO
4107,THR
4108,THRY
4109,THS
4110,TIGO
4111,TJX
4112,TKR
4113,TLRY
4114,TLT
4115,TLYS
4116,TM
4117,TMHC
4118,TMO
4119,TMST
4120,TNDM
4121,TNXP
4122,TOL
4123,TPC
4124,TPH
4125,TPIC
4126,TPR
4127,TPX
4128,TREE
4129,TREX
4130,TRGP
4131,TRMB
4132,TRNO
4133,TROW
4134,TROX
4135,TRU
4136,TRV
4137,TRVG
4138,TRVN
4139,TSBK
4140,TSCO
4141,TSEM
4142,TT
4143,TTC
4145,TTD
4146,TTI
4147,TTOO
4148,TTWO
4149,TUP
4150,TV
4151,TWI
4152,TWKS
4153,TWO
4154,TX
4155,TXG
4156,TXMD
4157,TXRH
4158,TXT
4159,TYL
4160,U
4161,UA
4162,UAA
4163,UAVS
4164,UDR
4165,UE
4166,UEC
4167,UEIC
4168,UGI
4169,UHS
4170,UHT
4171,UI
4172,UL
4173,ULTA
4174,UMC
4175,UNFI
4176,UNG
4177,UNH
4178,UNIT
4179,UNM
4180,UNP
4181,UPS
4182,UPST
4183,UPWK
4184,URA
4185,URBN
4186,URGN
4187,URI
4188,USA
4189,USAC
4190,USB
4191,USFD
4192,USIO
4193,USNA
4194,USO
4196,UTHR
4197,UVV
4198,VAC
4199,VALE
4200,VBIV
4201,VC
4202,VCYT
4203,VECO
4204,VEEV
4205,VEON
4206,VET
4207,VFC
4208,VHC
4209,VIAV
4210,VINP
4211,VIOT
4212,VIR
4213,VKTX
4214,VLO
4215,VLRS
4216,VMC
4217,VMW
4218,VNO
4219,VNOM
4220,VNT
4221,VONG
4222,VRA
4224,VREX
4225,VRM
4226,VRSK
4227,VRTX
4228,VSAT
4229,VSCO
4230,VST
4231,VSTM
4232,VSTO
4233,VTI
4234,VTIP
4235,VTR
4236,VTRS
4237,VUZI
4238,VVI
4239,VXRT
4240,VYGR
4241,VYM
4242,VYNE
4243,VZ
4244,WAB
4245,WAT
4246,WATT
4247,WCC
4248,WDC
4249,WEC
4250,WELL
4251,WEN
4252,WERN
4253,WEX
4254,WFC
4255,WGO
4256,WHR
4257,WIMI
4258,WISH
4259,WKHS
4260,WLK
4261,WM
4262,WMB
4263,WMC
4264,WMG
4265,WMS
4266,WPC
4267,WRB
4268,WRK
4269,WSM
4270,WSO
4271,WST
4272,WTFC
4273,WTRG
4274,WU
4275,WW
4277,WY
4278,X
4279,XBIT
4280,XCUR
4281,XEL
4282,XELA
4283,XGN
4284,XLB
4285,XLE
4286,XLF
4287,XLI
4288,XLK
4289,XLP
4290,XLU
4291,XLV
4292,XLY
4293,XNET
4294,XOP
4295,XP
4296,XPEV
4297,XPO
4298,XPRO
4299,XRAY
4300,XRX
4301,XYL
4302,YETI
4303,YEXT
4304,YUMC
4305,Z
4306,ZBH
4307,ZBRA
4308,ZG
4309,ZI
4310,ZION
4311,ZS
4312,ZTO
4313,ZTS
4314,ZUO
4315,ZYNE
4316,ZYXI
4539,XMAUSD
4540,XCOTIUSD
4541,XPYTHUSD
4542,XSLUSD
4546,XUNIUSD
4548,XAXSUSD
4549,XATMUSD
4550,XFETUSD
4551,XINJUSD
4554,XNAKAUSD
4555,XAXUSD
4558,XILVUSD
4559,XBNBUSD
4560,COPPER
4561,ALUMINIUM
4562,LEAD
4563,ZINC
4564,NATGAS
4565,XTRUMP
4566,SUIUSD
4567,HEDUSD
4568,NEARUSD
4569,APTUSD
4570,ARBUSD
4571,AAVEUSD
4572,XTONUSD
4573,XTRXUSD
4574,ROBCOFFEE
4575,USCOFFEE